<?xml version="1.0" encoding="utf-8"?>
<manifest identifier="fpMaWcHbsQRPt" xmlns="http://www.imsglobal.org/xsd/imscp_v1p1" xmlns:imsss="http://www.imsglobal.org/xsd/imsss" xmlns:adlcp="http://www.adlnet.org/xsd/adlcp_v1p3" xmlns:adlseq="http://www.adlnet.org/xsd/adlseq_v1p3" xmlns:adlnav="http://www.adlnet.org/xsd/adlnav_v1p3" xmlns:lom="http://ltsc.ieee.org/xsd/LOM" xmlns:xsi="http://www.w3.org/2001/XMLSchema-instance" xsi:schemaLocation="http://www.imsglobal.org/xsd/imscp_v1p1 imscp_v1p1.xsd http://www.imsglobal.org/xsd/imsss imsss_v1p0.xsd http://www.adlnet.org/xsd/adlcp_v1p3 adlcp_v1p3.xsd http://www.adlnet.org/xsd/adlseq_v1p3 adlseq_v1p3.xsd http://www.adlnet.org/xsd/adlnav_v1p3 adlnav_v1p3.xsd http://ltsc.ieee.org/xsd/LOM lom.xsd">
	<metadata>
		<schema>ADL SCORM</schema>
		<schemaversion>CAM 1.3</schemaversion>
		<lom:lom>
			<lom:general>
				<lom:title>
					<lom:string>module-3-essay</lom:string>
				</lom:title>
			</lom:general>
			<lom:educational>
				<lom:typicalLearningTime>
					<lom:duration>PT1H0M0S</lom:duration>
				</lom:typicalLearningTime>
			</lom:educational>
			<lom:metaMetadata>
				<lom:metadataSchema>LOMv1.0</lom:metadataSchema>
				<lom:metadataSchema>SCORM_CAM_v1.3</lom:metadataSchema>
			</lom:metaMetadata>
		</lom:lom>
	</metadata>
	<organizations default="module-3-essay_organization">
		<organization identifier="module-3-essay_organization">
			<title>module-3-essay</title>
			<item identifier="A440D1BF-F23C-4682-8B7B-D35043694B56" identifierref="resource">
				<title>module-3-essay</title>
				<imsss:sequencing>
					<imsss:deliveryControls completionSetByContent="true" objectiveSetByContent="true"/>
			       	</imsss:sequencing>
			</item>
			<imsss:sequencing>
				<imsss:controlMode flow="true"/>
			</imsss:sequencing>
		</organization>
	</organizations>
	<resources>
		<resource identifier="resource" type="webcontent" adlcp:scormType="sco" href="res/index.html">
			<file href="res/data/apple-touch-icon.png"/>
<file href="res/data/browsersupport.js"/>
<file href="res/data/favicon.ico"/>
<file href="res/data/fonts/fnt0.woff"/>
<file href="res/data/fonts/fnt1.woff"/>
<file href="res/data/fonts/fnt2.woff"/>
<file href="res/data/goodbye.html"/>
<file href="res/data/html5-unsupported.html"/>
<file href="res/data/html5.png"/>
<file href="res/data/lms.js"/>
<file href="res/data/player.js"/>
<file href="res/index.html"/>

		</resource>
	</resources>
</manifest>
