<?xml version="1.0" encoding="utf-8" standalone="no"?>
<manifest identifier="com.H5PAuthor.Module1Quiz.d5dbde77-f632-46bd-9a07-221f91bdafcd" version="1" xmlns:adlcp="http://www.adlnet.org/xsd/adlcp_rootv1p2" xmlns="http://www.imsproject.org/xsd/imscp_rootv1p1p2" xmlns:xsi="http://www.w3.org/2001/XMLSchema-instance" xsi:schemaLocation="http://www.imsproject.org/xsd/imscp_rootv1p1p2 imscp_rootv1p1p2.xsd http://www.imsglobal.org/xsd/imsmd_rootv1p2p1 imsmd_rootv1p2p1.xsd http://www.adlnet.org/xsd/adlcp_rootv1p2 adlcp_rootv1p2.xsd">
  <metadata>
    <schema>ADL SCORM</schema>
    <schemaversion>1.2</schemaversion>
    <adlcp:location>metadata.xml</adlcp:location>
  </metadata>
  <organizations default="H5P_Author">
    <organization identifier="H5P_Author">
      <title>Module 1 Quiz</title>
      <item identifier="item_00" identifierref="resource_00">
        <title>Module 1 Quiz</title>
        <adlcp:masteryscore>70</adlcp:masteryscore>
        <metadata>
          <schema>ADL SCORM</schema>
          <schemaversion>1.2</schemaversion>
          <adlcp:location>metadata.xml</adlcp:location>
        </metadata>
      </item>
      <metadata>
        <schema>ADL SCORM</schema>
        <schemaversion>1.2</schemaversion>
        <adlcp:location>metadata.xml</adlcp:location>
      </metadata>
    </organization>
  </organizations>
  <resources>
    <metadata>
      <schema>ADL SCORM</schema>
      <schemaversion>1.2</schemaversion>
      <adlcp:location>metadata.xml</adlcp:location>
    </metadata>
    <resource identifier="resource_00" type="webcontent" href="index.html" adlcp:scormtype="sco">
      <metadata>
        <schema>ADL SCORM</schema>
        <schemaversion>1.2</schemaversion>
        <adlcp:location>metadata.xml</adlcp:location>
      </metadata>
      <file href="h5p-adaptor.js"/>
      <file href="index.html"/>
      <file href="SCORM_API_wrapper.js"/>
    </resource>
  </resources>
</manifest>